Community.number,Community.name,ChemCode,Amoxicillin,Chlorothalonil,Diflufenican,Glyphosate,Imidacloprid,Metaldehyde,Oxytetracycline,Tebuconazole,Well,Plate,Complexity,Plate.sample,Well.sample,Pyramid,PCR.plate,PCR.well.coord
1,R_ID_7.16_1_R10(1)_TSS,Frozen Starting Community,NA,NA,NA,NA,NA,NA,NA,NA,NA,NA,NA,NA,NA,NA,1,A1
1,R_ID_7.16_1_R10(1)_TSS,A,1,0,0,0,0,0,0,0,B2,1,1,1,1 B2,1,1,A2
1,R_ID_7.16_1_R10(1)_TSS,O,0,0,0,0,0,0,1,0,B3,1,1,1,1 B3,1,1,A3
1,R_ID_7.16_1_R10(1)_TSS,CM,0,1,0,0,0,1,0,0,B5,1,2,1,1 B5,1,1,A4
1,R_ID_7.16_1_R10(1)_TSS,IO,0,0,0,0,1,0,1,0,C7,1,2,1,1 C7,1,1,A5
1,R_ID_7.16_1_R10(1)_TSS,IT,0,0,0,0,1,0,0,1,D7,1,2,1,1 D7,2,1,A6
1,R_ID_7.16_1_R10(1)_TSS,G,0,0,0,1,0,0,0,0,E2,1,1,1,1 E2,1,1,A7
1,R_ID_7.16_1_R10(1)_TSS,AD,1,0,1,0,0,0,0,0,E3,1,2,1,1 E3,1,1,A8
1,R_ID_7.16_1_R10(1)_TSS,M,0,0,0,0,0,1,0,0,G2,1,1,1,1 G2,1,1,A9
1,R_ID_7.16_1_R10(1)_TSS,GT,0,0,0,1,0,0,0,1,G6,1,2,1,1 G6,1,1,A10
1,R_ID_7.16_1_R10(1)_TSS,,0,0,0,0,0,0,0,0,F4,5,0,10,10 F4,NA,1,A11
1,R_ID_7.16_1_R10(1)_TSS,AM,1,0,0,0,0,1,0,0,B4,1,2,11,11 B4,2,1,A12
1,R_ID_7.16_1_R10(1)_TSS,CM,0,1,0,0,0,1,0,0,B5,1,2,11,11 B5,1,1,B1
1,R_ID_7.16_1_R10(1)_TSS,C,0,1,0,0,0,0,0,0,C2,1,1,11,11 C2,1,1,B2
1,R_ID_7.16_1_R10(1)_TSS,T,0,0,0,0,0,0,0,1,C3,1,1,11,11 C3,1,1,B3
1,R_ID_7.16_1_R10(1)_TSS,IO,0,0,0,0,1,0,1,0,C7,1,2,11,11 C7,1,1,B4
1,R_ID_7.16_1_R10(1)_TSS,D,0,0,1,0,0,0,0,0,D2,1,1,11,11 D2,1,1,B5
1,R_ID_7.16_1_R10(1)_TSS,CD,0,1,1,0,0,0,0,0,E4,1,2,11,11 E4,2,1,B6
1,R_ID_7.16_1_R10(1)_TSS,I,0,0,0,0,1,0,0,0,F2,1,1,11,11 F2,1,1,B7
1,R_ID_7.16_1_R10(1)_TSS,GO,0,0,0,1,0,0,1,0,F6,1,2,11,11 F6,2,1,B8
1,R_ID_7.16_1_R10(1)_TSS,M,0,0,0,0,0,1,0,0,G2,1,1,11,11 G2,1,1,B9
1,R_ID_7.16_1_R10(1)_TSS,CDGO,0,1,1,1,0,0,1,0,E3,3,4,13,13 E3,2,1,B10
1,R_ID_7.16_1_R10(1)_TSS,CGMT,0,1,0,1,0,1,0,1,E5,3,4,13,13 E5,1,1,B11
1,R_ID_7.16_1_R10(1)_TSS,ACDGIMOT,1,1,1,1,1,1,1,1,D4,5,8,15,15 D4,1,1,B12
1,R_ID_7.16_1_R10(1)_TSS,,0,0,0,0,0,0,0,0,G6,5,0,15,15 G6,NA,1,C1
1,R_ID_7.16_1_R10(1)_TSS,C,0,1,0,0,0,0,0,0,C2,1,1,16,16 C2,1,1,C2
1,R_ID_7.16_1_R10(1)_TSS,T,0,0,0,0,0,0,0,1,C3,1,1,16,16 C3,1,1,C3
1,R_ID_7.16_1_R10(1)_TSS,G,0,0,0,1,0,0,0,0,E2,1,1,16,16 E2,1,1,C4
1,R_ID_7.16_1_R10(1)_TSS,I,0,0,0,0,1,0,0,0,F2,1,1,16,16 F2,1,1,C5
1,R_ID_7.16_1_R10(1)_TSS,ADIO,1,0,1,0,1,0,1,0,F10,2,4,17,17 F10,1,1,C6
1,R_ID_7.16_1_R10(1)_TSS,ACDGIMOT,1,1,1,1,1,1,1,1,D4,5,8,20,20 D4,1,1,C7
1,R_ID_7.16_1_R10(1)_TSS,AIMT,1,0,0,0,1,1,0,1,F2,3,4,3,3 F2,2,1,C8
1,R_ID_7.16_1_R10(1)_TSS,A,1,0,0,0,0,0,0,0,B2,1,1,6,6 B2,1,1,C9
1,R_ID_7.16_1_R10(1)_TSS,O,0,0,0,0,0,0,1,0,B3,1,1,6,6 B3,1,1,C10
1,R_ID_7.16_1_R10(1)_TSS,AM,1,0,0,0,0,1,0,0,B4,1,2,6,6 B4,2,1,C11
1,R_ID_7.16_1_R10(1)_TSS,D,0,0,1,0,0,0,0,0,D2,1,1,6,6 D2,1,1,C12
1,R_ID_7.16_1_R10(1)_TSS,IT,0,0,0,0,1,0,0,1,D7,1,2,6,6 D7,2,1,D1
1,R_ID_7.16_1_R10(1)_TSS,AD,1,0,1,0,0,0,0,0,E3,1,2,6,6 E3,1,1,D2
1,R_ID_7.16_1_R10(1)_TSS,CD,0,1,1,0,0,0,0,0,E4,1,2,6,6 E4,2,1,D3
1,R_ID_7.16_1_R10(1)_TSS,GO,0,0,0,1,0,0,1,0,F6,1,2,6,6 F6,2,1,D4
1,R_ID_7.16_1_R10(1)_TSS,GT,0,0,0,1,0,0,0,1,G6,1,2,6,6 G6,1,1,D5
1,R_ID_7.16_1_R10(1)_TSS,ADIO,1,0,1,0,1,0,1,0,F10,2,4,7,7 F10,1,1,D6
1,R_ID_7.16_1_R10(1)_TSS,CDGO,0,1,1,1,0,0,1,0,E3,3,4,8,8 E3,2,1,D7
1,R_ID_7.16_1_R10(1)_TSS,CGMT,0,1,0,1,0,1,0,1,E5,3,4,8,8 E5,1,1,D8
1,R_ID_7.16_1_R10(1)_TSS,AIMT,1,0,0,0,1,1,0,1,F2,3,4,8,8 F2,2,1,D9
,Extraction negative control,,,,,,,,,,,,,,,,1,D10
,,,,,,,,,,,,,,,,,1,D11
,,,,,,,,,,,,,,,,,1,D12
2,R_ID_7.16_4_R10(1)_TSS,Frozen Starting Community,NA,NA,NA,NA,NA,NA,NA,NA,NA,NA,NA,NA,NA,NA,1,E1
2,R_ID_7.16_4_R10(1)_TSS,O,0,0,0,0,0,0,1,0,B3,1,1,1,1 B3,1,1,E2
2,R_ID_7.16_4_R10(1)_TSS,C,0,1,0,0,0,0,0,0,C2,1,1,1,1 C2,1,1,E3
2,R_ID_7.16_4_R10(1)_TSS,T,0,0,0,0,0,0,0,1,C3,1,1,1,1 C3,1,1,E4
2,R_ID_7.16_4_R10(1)_TSS,D,0,0,1,0,0,0,0,0,D2,1,1,1,1 D2,1,1,E5
2,R_ID_7.16_4_R10(1)_TSS,AT,1,0,0,0,0,0,0,1,D4,1,2,1,1 D4,2,1,E6
2,R_ID_7.16_4_R10(1)_TSS,GI,0,0,0,1,1,0,0,0,D6,1,2,1,1 D6,1,1,E7
2,R_ID_7.16_4_R10(1)_TSS,G,0,0,0,1,0,0,0,0,E2,1,1,1,1 E2,1,1,E8
2,R_ID_7.16_4_R10(1)_TSS,I,0,0,0,0,1,0,0,0,F2,1,1,1,1 F2,1,1,E9
2,R_ID_7.16_4_R10(1)_TSS,DI,0,0,1,0,1,0,0,0,F5,1,2,1,1 F5,2,1,E10
2,R_ID_7.16_4_R10(1)_TSS,M,0,0,0,0,0,1,0,0,G2,1,1,1,1 G2,1,1,E11
2,R_ID_7.16_4_R10(1)_TSS,ACDGIMOT,1,1,1,1,1,1,1,1,D4,5,8,10,10 D4,1,1,E12
2,R_ID_7.16_4_R10(1)_TSS,,0,0,0,0,0,0,0,0,E9,5,0,10,10 E9,NA,1,F1
2,R_ID_7.16_4_R10(1)_TSS,A,1,0,0,0,0,0,0,0,B2,1,1,11,11 B2,1,1,F2
2,R_ID_7.16_4_R10(1)_TSS,T,0,0,0,0,0,0,0,1,C3,1,1,11,11 C3,1,1,F3
2,R_ID_7.16_4_R10(1)_TSS,CO,0,1,0,0,0,0,1,0,C5,1,2,11,11 C5,2,1,F4
2,R_ID_7.16_4_R10(1)_TSS,GM,0,0,0,1,0,1,0,0,E6,1,2,11,11 E6,2,1,F5
2,R_ID_7.16_4_R10(1)_TSS,DI,0,0,1,0,1,0,0,0,F5,1,2,11,11 F5,2,1,F6
2,R_ID_7.16_4_R10(1)_TSS,OT,0,0,0,0,0,0,1,1,G7,1,2,11,11 G7,1,1,F7
2,R_ID_7.16_4_R10(1)_TSS,ACDM,1,1,1,0,0,1,0,0,F7,2,4,12,12 F7,1,1,F8
2,R_ID_7.16_4_R10(1)_TSS,CGMO,0,1,0,1,0,1,1,0,D5,3,4,13,13 D5,2,1,F9
2,R_ID_7.16_4_R10(1)_TSS,,0,0,0,0,0,0,0,0,C11,5,0,15,15 C11,NA,1,F10
2,R_ID_7.16_4_R10(1)_TSS,O,0,0,0,0,0,0,1,0,B3,1,1,16,16 B3,1,1,F11
2,R_ID_7.16_4_R10(1)_TSS,CM,0,1,0,0,0,1,0,0,B5,1,2,16,16 B5,1,1,F12
2,R_ID_7.16_4_R10(1)_TSS,C,0,1,0,0,0,0,0,0,C2,1,1,16,16 C2,1,1,G1
2,R_ID_7.16_4_R10(1)_TSS,CO,0,1,0,0,0,0,1,0,C5,1,2,16,16 C5,2,1,G2
2,R_ID_7.16_4_R10(1)_TSS,AT,1,0,0,0,0,0,0,1,D4,1,2,16,16 D4,2,1,G3
2,R_ID_7.16_4_R10(1)_TSS,AD,1,0,1,0,0,0,0,0,E3,1,2,16,16 E3,1,1,G4
2,R_ID_7.16_4_R10(1)_TSS,GM,0,0,0,1,0,1,0,0,E6,1,2,16,16 E6,2,1,G5
2,R_ID_7.16_4_R10(1)_TSS,I,0,0,0,0,1,0,0,0,F2,1,1,16,16 F2,1,1,G6
2,R_ID_7.16_4_R10(1)_TSS,M,0,0,0,0,0,1,0,0,G2,1,1,16,16 G2,1,1,G7
2,R_ID_7.16_4_R10(1)_TSS,OT,0,0,0,0,0,0,1,1,G7,1,2,16,16 G7,1,1,G8
2,R_ID_7.16_4_R10(1)_TSS,ADIT,1,0,1,0,1,0,0,1,G10,2,4,17,17 G10,2,1,G9
2,R_ID_7.16_4_R10(1)_TSS,GIOT,0,0,0,1,1,0,1,1,E8,3,4,18,18 E8,1,1,G10
2,R_ID_7.16_4_R10(1)_TSS,ADIT,1,0,1,0,1,0,0,1,G10,2,4,2,2 G10,2,1,G11
2,R_ID_7.16_4_R10(1)_TSS,GIOT,0,0,0,1,1,0,1,1,E8,3,4,3,3 E8,1,1,G12
2,R_ID_7.16_4_R10(1)_TSS,ACDGIMOT,1,1,1,1,1,1,1,1,D4,5,8,5,5 D4,1,1,H1
2,R_ID_7.16_4_R10(1)_TSS,A,1,0,0,0,0,0,0,0,B2,1,1,6,6 B2,1,1,H2
2,R_ID_7.16_4_R10(1)_TSS,CM,0,1,0,0,0,1,0,0,B5,1,2,6,6 B5,1,1,H3
2,R_ID_7.16_4_R10(1)_TSS,D,0,0,1,0,0,0,0,0,D2,1,1,6,6 D2,1,1,H4
2,R_ID_7.16_4_R10(1)_TSS,GI,0,0,0,1,1,0,0,0,D6,1,2,6,6 D6,1,1,H5
2,R_ID_7.16_4_R10(1)_TSS,G,0,0,0,1,0,0,0,0,E2,1,1,6,6 E2,1,1,H6
2,R_ID_7.16_4_R10(1)_TSS,AD,1,0,1,0,0,0,0,0,E3,1,2,6,6 E3,1,1,H7
2,R_ID_7.16_4_R10(1)_TSS,ACDM,1,1,1,0,0,1,0,0,F7,2,4,7,7 F7,1,1,H8
2,R_ID_7.16_4_R10(1)_TSS,CGMO,0,1,0,1,0,1,1,0,D5,3,4,8,8 D5,2,1,H9
,Extraction negative control,,,,,,,,,,,,,,,,1,H10
,,,,,,,,,,,,,,,,,1,H11
,,,,,,,,,,,,,,,,,1,H12
3,R_ID_7.16_5_R10(1)_TSS,Frozen Starting Community,NA,NA,NA,NA,NA,NA,NA,NA,NA,NA,NA,NA,NA,NA,2,A1
3,R_ID_7.16_5_R10(1)_TSS,A,1,0,0,0,0,0,0,0,B2,1,1,1,1 B2,1,2,A2
3,R_ID_7.16_5_R10(1)_TSS,AM,1,0,0,0,0,1,0,0,B4,1,2,1,1 B4,1,2,A3
3,R_ID_7.16_5_R10(1)_TSS,IM,0,0,0,0,1,1,0,0,B7,1,2,1,1 B7,2,2,A4
3,R_ID_7.16_5_R10(1)_TSS,C,0,1,0,0,0,0,0,0,C2,1,1,1,1 C2,1,2,A5
3,R_ID_7.16_5_R10(1)_TSS,AO,1,0,0,0,0,0,1,0,C4,1,2,1,1 C4,2,2,A6
3,R_ID_7.16_5_R10(1)_TSS,CO,0,1,0,0,0,0,1,0,C5,1,2,1,1 C5,1,2,A7
3,R_ID_7.16_5_R10(1)_TSS,G,0,0,0,1,0,0,0,0,E2,1,1,1,1 E2,1,2,A8
3,R_ID_7.16_5_R10(1)_TSS,I,0,0,0,0,1,0,0,0,F2,1,1,1,1 F2,1,2,A9
3,R_ID_7.16_5_R10(1)_TSS,M,0,0,0,0,0,1,0,0,G2,1,1,1,1 G2,1,2,A10
3,R_ID_7.16_5_R10(1)_TSS,GT,0,0,0,1,0,0,0,1,G6,1,2,1,1 G6,1,2,A11
3,R_ID_7.16_5_R10(1)_TSS,ACDGIMOT,1,1,1,1,1,1,1,1,D4,5,8,10,10 D4,1,2,A12
3,R_ID_7.16_5_R10(1)_TSS,O,0,0,0,0,0,0,1,0,B3,1,1,11,11 B3,1,2,B1
3,R_ID_7.16_5_R10(1)_TSS,IM,0,0,0,0,1,1,0,0,B7,1,2,11,11 B7,2,2,B2
3,R_ID_7.16_5_R10(1)_TSS,DT,0,0,1,0,0,0,0,1,C6,1,2,11,11 C6,2,2,B3
3,R_ID_7.16_5_R10(1)_TSS,I,0,0,0,0,1,0,0,0,F2,1,1,11,11 F2,1,2,B4
3,R_ID_7.16_5_R10(1)_TSS,GT,0,0,0,1,0,0,0,1,G6,1,2,11,11 G6,1,2,B5
3,R_ID_7.16_5_R10(1)_TSS,ADOT,1,0,1,0,0,0,1,1,D11,2,4,12,12 D11,2,2,B6
3,R_ID_7.16_5_R10(1)_TSS,CDIO,0,1,1,0,1,0,1,0,B4,3,4,13,13 B4,1,2,B7
3,R_ID_7.16_5_R10(1)_TSS,CGIM,0,1,0,1,1,1,0,0,G4,3,4,13,13 G4,2,2,B8
3,R_ID_7.16_5_R10(1)_TSS,,0,0,0,0,0,0,0,0,C6,5,0,15,15 C6,NA,2,B9
3,R_ID_7.16_5_R10(1)_TSS,,0,0,0,0,0,0,0,0,E8,5,0,15,15 E8,NA,2,B10
3,R_ID_7.16_5_R10(1)_TSS,O,0,0,0,0,0,0,1,0,B3,1,1,16,16 B3,1,2,B11
3,R_ID_7.16_5_R10(1)_TSS,T,0,0,0,0,0,0,0,1,C3,1,1,16,16 C3,1,2,B12
3,R_ID_7.16_5_R10(1)_TSS,CO,0,1,0,0,0,0,1,0,C5,1,2,16,16 C5,1,2,C1
3,R_ID_7.16_5_R10(1)_TSS,DT,0,0,1,0,0,0,0,1,C6,1,2,16,16 C6,2,2,C2
3,R_ID_7.16_5_R10(1)_TSS,D,0,0,1,0,0,0,0,0,D2,1,1,16,16 D2,1,2,C3
3,R_ID_7.16_5_R10(1)_TSS,G,0,0,0,1,0,0,0,0,E2,1,1,16,16 E2,1,2,C4
3,R_ID_7.16_5_R10(1)_TSS,CG,0,1,0,1,0,0,0,0,F4,1,2,16,16 F4,2,2,C5
3,R_ID_7.16_5_R10(1)_TSS,DI,0,0,1,0,1,0,0,0,F5,1,2,16,16 F5,1,2,C6
3,R_ID_7.16_5_R10(1)_TSS,AGMT,1,0,0,1,0,1,0,1,C2,3,4,18,18 C2,1,2,C7
3,R_ID_7.16_5_R10(1)_TSS,CDIO,0,1,1,0,1,0,1,0,B4,3,4,3,3 B4,1,2,C8
3,R_ID_7.16_5_R10(1)_TSS,AGMT,1,0,0,1,0,1,0,1,C2,3,4,3,3 C2,1,2,C9
3,R_ID_7.16_5_R10(1)_TSS,CGIM,0,1,0,1,1,1,0,0,G4,3,4,3,3 G4,2,2,C10
3,R_ID_7.16_5_R10(1)_TSS,ACDGIMOT,1,1,1,1,1,1,1,1,D4,5,8,5,5 D4,1,2,C11
3,R_ID_7.16_5_R10(1)_TSS,A,1,0,0,0,0,0,0,0,B2,1,1,6,6 B2,1,2,C12
3,R_ID_7.16_5_R10(1)_TSS,AM,1,0,0,0,0,1,0,0,B4,1,2,6,6 B4,1,2,D1
3,R_ID_7.16_5_R10(1)_TSS,C,0,1,0,0,0,0,0,0,C2,1,1,6,6 C2,1,2,D2
3,R_ID_7.16_5_R10(1)_TSS,T,0,0,0,0,0,0,0,1,C3,1,1,6,6 C3,1,2,D3
3,R_ID_7.16_5_R10(1)_TSS,AO,1,0,0,0,0,0,1,0,C4,1,2,6,6 C4,2,2,D4
3,R_ID_7.16_5_R10(1)_TSS,D,0,0,1,0,0,0,0,0,D2,1,1,6,6 D2,1,2,D5
3,R_ID_7.16_5_R10(1)_TSS,CG,0,1,0,1,0,0,0,0,F4,1,2,6,6 F4,2,2,D6
3,R_ID_7.16_5_R10(1)_TSS,DI,0,0,1,0,1,0,0,0,F5,1,2,6,6 F5,1,2,D7
3,R_ID_7.16_5_R10(1)_TSS,M,0,0,0,0,0,1,0,0,G2,1,1,6,6 G2,1,2,D8
3,R_ID_7.16_5_R10(1)_TSS,ADOT,1,0,1,0,0,0,1,1,D11,2,4,7,7 D11,2,2,D9
,Extraction negative control,,,,,,,,,,,,,,,,2,D10
,,,,,,,,,,,,,,,,,2,D11
,,,,,,,,,,,,,,,,,2,D12
4,R_ID_7.16_6_R5(1)_TSS,Frozen Starting Community,NA,NA,NA,NA,NA,NA,NA,NA,NA,NA,NA,NA,NA,NA,2,E1
4,R_ID_7.16_6_R5(1)_TSS,A,1,0,0,0,0,0,0,0,B2,1,1,1,1 B2,1,2,E2
4,R_ID_7.16_6_R5(1)_TSS,CM,0,1,0,0,0,1,0,0,B5,1,2,1,1 B5,2,2,E3
4,R_ID_7.16_6_R5(1)_TSS,G,0,0,0,1,0,0,0,0,E2,1,1,1,1 E2,1,2,E4
4,R_ID_7.16_6_R5(1)_TSS,GM,0,0,0,1,0,1,0,0,E6,1,2,1,1 E6,1,2,E5
4,R_ID_7.16_6_R5(1)_TSS,I,0,0,0,0,1,0,0,0,F2,1,1,1,1 F2,1,2,E6
4,R_ID_7.16_6_R5(1)_TSS,M,0,0,0,0,0,1,0,0,G2,1,1,1,1 G2,1,2,E7
4,R_ID_7.16_6_R5(1)_TSS,AI,1,0,0,0,1,0,0,0,G3,1,2,1,1 G3,1,2,E8
4,R_ID_7.16_6_R5(1)_TSS,ACDGIMOT,1,1,1,1,1,1,1,1,D4,5,8,10,10 D4,1,2,E9
4,R_ID_7.16_6_R5(1)_TSS,O,0,0,0,0,0,0,1,0,B3,1,1,11,11 B3,1,2,E10
4,R_ID_7.16_6_R5(1)_TSS,DO,0,0,1,0,0,0,1,0,B6,1,2,11,11 B6,1,2,E11
4,R_ID_7.16_6_R5(1)_TSS,T,0,0,0,0,0,0,0,1,C3,1,1,11,11 C3,1,2,E12
4,R_ID_7.16_6_R5(1)_TSS,CT,0,1,0,0,0,0,0,1,D5,1,2,11,11 D5,1,2,F1
4,R_ID_7.16_6_R5(1)_TSS,IT,0,0,0,0,1,0,0,1,D7,1,2,11,11 D7,2,2,F2
4,R_ID_7.16_6_R5(1)_TSS,DG,0,0,1,1,0,0,0,0,E5,1,2,11,11 E5,2,2,F3
4,R_ID_7.16_6_R5(1)_TSS,GM,0,0,0,1,0,1,0,0,E6,1,2,11,11 E6,1,2,F4
4,R_ID_7.16_6_R5(1)_TSS,I,0,0,0,0,1,0,0,0,F2,1,1,11,11 F2,1,2,F5
4,R_ID_7.16_6_R5(1)_TSS,AI,1,0,0,0,1,0,0,0,G3,1,2,11,11 G3,1,2,F6
4,R_ID_7.16_6_R5(1)_TSS,ACMO,1,1,0,0,0,1,1,0,D9,2,4,12,12 D9,2,2,F7
4,R_ID_7.16_6_R5(1)_TSS,CDOT,0,1,1,0,0,0,1,1,F4,3,4,13,13 F4,1,2,F8
4,R_ID_7.16_6_R5(1)_TSS,,0,0,0,0,0,0,0,0,E5,5,0,15,15 E5,NA,2,F9
4,R_ID_7.16_6_R5(1)_TSS,O,0,0,0,0,0,0,1,0,B3,1,1,16,16 B3,1,2,F10
4,R_ID_7.16_6_R5(1)_TSS,CM,0,1,0,0,0,1,0,0,B5,1,2,16,16 B5,2,2,F11
4,R_ID_7.16_6_R5(1)_TSS,DO,0,0,1,0,0,0,1,0,B6,1,2,16,16 B6,1,2,F12
4,R_ID_7.16_6_R5(1)_TSS,C,0,1,0,0,0,0,0,0,C2,1,1,16,16 C2,1,2,G1
4,R_ID_7.16_6_R5(1)_TSS,T,0,0,0,0,0,0,0,1,C3,1,1,16,16 C3,1,2,G2
4,R_ID_7.16_6_R5(1)_TSS,AO,1,0,0,0,0,0,1,0,C4,1,2,16,16 C4,2,2,G3
4,R_ID_7.16_6_R5(1)_TSS,D,0,0,1,0,0,0,0,0,D2,1,1,16,16 D2,1,2,G4
4,R_ID_7.16_6_R5(1)_TSS,CT,0,1,0,0,0,0,0,1,D5,1,2,16,16 D5,1,2,G5
4,R_ID_7.16_6_R5(1)_TSS,IT,0,0,0,0,1,0,0,1,D7,1,2,16,16 D7,2,2,G6
4,R_ID_7.16_6_R5(1)_TSS,M,0,0,0,0,0,1,0,0,G2,1,1,16,16 G2,1,2,G7
4,R_ID_7.16_6_R5(1)_TSS,AGIM,1,0,0,1,1,1,0,0,E11,2,4,17,17 E11,1,2,G8
4,R_ID_7.16_6_R5(1)_TSS,ACMO,1,1,0,0,0,1,1,0,D9,2,4,2,2 D9,2,2,G9
4,R_ID_7.16_6_R5(1)_TSS,AGIM,1,0,0,1,1,1,0,0,E11,2,4,2,2 E11,1,2,G10
4,R_ID_7.16_6_R5(1)_TSS,ACDGIMOT,1,1,1,1,1,1,1,1,D4,5,8,20,20 D4,1,2,G11
4,R_ID_7.16_6_R5(1)_TSS,,0,0,0,0,0,0,0,0,D9,5,0,20,20 D9,NA,2,G12
4,R_ID_7.16_6_R5(1)_TSS,DGIT,0,0,1,1,1,0,0,1,G6,3,4,3,3 G6,2,2,H1
4,R_ID_7.16_6_R5(1)_TSS,A,1,0,0,0,0,0,0,0,B2,1,1,6,6 B2,1,2,H2
4,R_ID_7.16_6_R5(1)_TSS,C,0,1,0,0,0,0,0,0,C2,1,1,6,6 C2,1,2,H3
4,R_ID_7.16_6_R5(1)_TSS,AO,1,0,0,0,0,0,1,0,C4,1,2,6,6 C4,2,2,H4
4,R_ID_7.16_6_R5(1)_TSS,D,0,0,1,0,0,0,0,0,D2,1,1,6,6 D2,1,2,H5
4,R_ID_7.16_6_R5(1)_TSS,G,0,0,0,1,0,0,0,0,E2,1,1,6,6 E2,1,2,H6
4,R_ID_7.16_6_R5(1)_TSS,DG,0,0,1,1,0,0,0,0,E5,1,2,6,6 E5,2,2,H7
4,R_ID_7.16_6_R5(1)_TSS,CDOT,0,1,1,0,0,0,1,1,F4,3,4,8,8 F4,1,2,H8
4,R_ID_7.16_6_R5(1)_TSS,DGIT,0,0,1,1,1,0,0,1,G6,3,4,8,8 G6,2,2,H9
,Extraction negative control,,,,,,,,,,,,,,,,2,H10
,,,,,,,,,,,,,,,,,2,H11
,,,,,,,,,,,,,,,,,2,H12
5,R_ID_7.16_7_R1(1)_TSS,Frozen Starting Community,NA,NA,NA,NA,NA,NA,NA,NA,NA,NA,NA,NA,NA,NA,3,A1
5,R_ID_7.16_7_R1(1)_TSS,A,1,0,0,0,0,0,0,0,B2,1,1,1,1 B2,1,3,A2
5,R_ID_7.16_7_R1(1)_TSS,O,0,0,0,0,0,0,1,0,B3,1,1,1,1 B3,1,3,A3
5,R_ID_7.16_7_R1(1)_TSS,C,0,1,0,0,0,0,0,0,C2,1,1,1,1 C2,1,3,A4
5,R_ID_7.16_7_R1(1)_TSS,CO,0,1,0,0,0,0,1,0,C5,1,2,1,1 C5,2,3,A5
5,R_ID_7.16_7_R1(1)_TSS,DT,0,0,1,0,0,0,0,1,C6,1,2,1,1 C6,2,3,A6
5,R_ID_7.16_7_R1(1)_TSS,IO,0,0,0,0,1,0,1,0,C7,1,2,1,1 C7,1,3,A7
5,R_ID_7.16_7_R1(1)_TSS,G,0,0,0,1,0,0,0,0,E2,1,1,1,1 E2,1,3,A8
5,R_ID_7.16_7_R1(1)_TSS,I,0,0,0,0,1,0,0,0,F2,1,1,1,1 F2,1,3,A9
5,R_ID_7.16_7_R1(1)_TSS,AG,1,0,0,1,0,0,0,0,F3,1,2,1,1 F3,2,3,A10
5,R_ID_7.16_7_R1(1)_TSS,M,0,0,0,0,0,1,0,0,G2,1,1,1,1 G2,1,3,A11
5,R_ID_7.16_7_R1(1)_TSS,GT,0,0,0,1,0,0,0,1,G6,1,2,1,1 G6,1,3,A12
5,R_ID_7.16_7_R1(1)_TSS,,0,0,0,0,0,0,0,0,G11,5,0,10,10 G11,NA,3,B1
5,R_ID_7.16_7_R1(1)_TSS,O,0,0,0,0,0,0,1,0,B3,1,1,11,11 B3,1,3,B2
5,R_ID_7.16_7_R1(1)_TSS,CM,0,1,0,0,0,1,0,0,B5,1,2,11,11 B5,1,3,B3
5,R_ID_7.16_7_R1(1)_TSS,T,0,0,0,0,0,0,0,1,C3,1,1,11,11 C3,1,3,B4
5,R_ID_7.16_7_R1(1)_TSS,DT,0,0,1,0,0,0,0,1,C6,1,2,11,11 C6,2,3,B5
5,R_ID_7.16_7_R1(1)_TSS,IO,0,0,0,0,1,0,1,0,C7,1,2,11,11 C7,1,3,B6
5,R_ID_7.16_7_R1(1)_TSS,AG,1,0,0,1,0,0,0,0,F3,1,2,11,11 F3,2,3,B7
5,R_ID_7.16_7_R1(1)_TSS,M,0,0,0,0,0,1,0,0,G2,1,1,11,11 G2,1,3,B8
5,R_ID_7.16_7_R1(1)_TSS,GT,0,0,0,1,0,0,0,1,G6,1,2,11,11 G6,1,3,B9
5,R_ID_7.16_7_R1(1)_TSS,ADIO,1,0,1,0,1,0,1,0,F10,2,4,12,12 F10,1,3,B10
5,R_ID_7.16_7_R1(1)_TSS,CGMT,0,1,0,1,0,1,0,1,E5,3,4,13,13 E5,1,3,B11
5,R_ID_7.16_7_R1(1)_TSS,,0,0,0,0,0,0,0,0,B7,5,0,15,15 B7,NA,3,B12
5,R_ID_7.16_7_R1(1)_TSS,ACDGIMOT,1,1,1,1,1,1,1,1,D4,5,8,15,15 D4,1,3,C1
5,R_ID_7.16_7_R1(1)_TSS,A,1,0,0,0,0,0,0,0,B2,1,1,16,16 B2,1,3,C2
5,R_ID_7.16_7_R1(1)_TSS,IM,0,0,0,0,1,1,0,0,B7,1,2,16,16 B7,2,3,C3
5,R_ID_7.16_7_R1(1)_TSS,D,0,0,1,0,0,0,0,0,D2,1,1,16,16 D2,1,3,C4
5,R_ID_7.16_7_R1(1)_TSS,AD,1,0,1,0,0,0,0,0,E3,1,2,16,16 E3,1,3,C5
5,R_ID_7.16_7_R1(1)_TSS,AGIM,1,0,0,1,1,1,0,0,E11,2,4,17,17 E11,2,3,C6
5,R_ID_7.16_7_R1(1)_TSS,CDOT,0,1,1,0,0,0,1,1,F4,3,4,18,18 F4,2,3,C7
5,R_ID_7.16_7_R1(1)_TSS,AGIM,1,0,0,1,1,1,0,0,E11,2,4,2,2 E11,2,3,C8
5,R_ID_7.16_7_R1(1)_TSS,ACDGIMOT,1,1,1,1,1,1,1,1,D4,5,8,20,20 D4,1,3,C9
5,R_ID_7.16_7_R1(1)_TSS,CGMT,0,1,0,1,0,1,0,1,E5,3,4,3,3 E5,1,3,C10
5,R_ID_7.16_7_R1(1)_TSS,CM,0,1,0,0,0,1,0,0,B5,1,2,6,6 B5,1,3,C11
5,R_ID_7.16_7_R1(1)_TSS,IM,0,0,0,0,1,1,0,0,B7,1,2,6,6 B7,2,3,C12
5,R_ID_7.16_7_R1(1)_TSS,C,0,1,0,0,0,0,0,0,C2,1,1,6,6 C2,1,3,D1
5,R_ID_7.16_7_R1(1)_TSS,T,0,0,0,0,0,0,0,1,C3,1,1,6,6 C3,1,3,D2
5,R_ID_7.16_7_R1(1)_TSS,CO,0,1,0,0,0,0,1,0,C5,1,2,6,6 C5,2,3,D3
5,R_ID_7.16_7_R1(1)_TSS,D,0,0,1,0,0,0,0,0,D2,1,1,6,6 D2,1,3,D4
5,R_ID_7.16_7_R1(1)_TSS,G,0,0,0,1,0,0,0,0,E2,1,1,6,6 E2,1,3,D5
5,R_ID_7.16_7_R1(1)_TSS,AD,1,0,1,0,0,0,0,0,E3,1,2,6,6 E3,1,3,D6
5,R_ID_7.16_7_R1(1)_TSS,I,0,0,0,0,1,0,0,0,F2,1,1,6,6 F2,1,3,D7
5,R_ID_7.16_7_R1(1)_TSS,ADIO,1,0,1,0,1,0,1,0,F10,2,4,7,7 F10,1,3,D8
5,R_ID_7.16_7_R1(1)_TSS,CDOT,0,1,1,0,0,0,1,1,F4,3,4,8,8 F4,2,3,D9
,Extraction negative control,,,,,,,,,,,,,,,,3,D10
,,,,,,,,,,,,,,,,,3,D11
,,,,,,,,,,,,,,,,,3,D12
6,R_ID_7.16_8_R5(1)_TSS,Frozen Starting Community,NA,NA,NA,NA,NA,NA,NA,NA,NA,NA,NA,NA,NA,NA,3,E1
6,R_ID_7.16_8_R5(1)_TSS,A,1,0,0,0,0,0,0,0,B2,1,1,1,1 B2,1,3,E2
6,R_ID_7.16_8_R5(1)_TSS,T,0,0,0,0,0,0,0,1,C3,1,1,1,1 C3,1,3,E3
6,R_ID_7.16_8_R5(1)_TSS,D,0,0,1,0,0,0,0,0,D2,1,1,1,1 D2,1,3,E4
6,R_ID_7.16_8_R5(1)_TSS,AD,1,0,1,0,0,0,0,0,E3,1,2,1,1 E3,1,3,E5
6,R_ID_7.16_8_R5(1)_TSS,DI,0,0,1,0,1,0,0,0,F5,1,2,1,1 F5,2,3,E6
6,R_ID_7.16_8_R5(1)_TSS,M,0,0,0,0,0,1,0,0,G2,1,1,1,1 G2,1,3,E7
6,R_ID_7.16_8_R5(1)_TSS,ACDGIMOT,1,1,1,1,1,1,1,1,D4,5,8,10,10 D4,1,3,E8
6,R_ID_7.16_8_R5(1)_TSS,O,0,0,0,0,0,0,1,0,B3,1,1,11,11 B3,1,3,E9
6,R_ID_7.16_8_R5(1)_TSS,C,0,1,0,0,0,0,0,0,C2,1,1,11,11 C2,1,3,E10
6,R_ID_7.16_8_R5(1)_TSS,CO,0,1,0,0,0,0,1,0,C5,1,2,11,11 C5,1,3,E11
6,R_ID_7.16_8_R5(1)_TSS,IT,0,0,0,0,1,0,0,1,D7,1,2,11,11 D7,1,3,E12
6,R_ID_7.16_8_R5(1)_TSS,G,0,0,0,1,0,0,0,0,E2,1,1,11,11 E2,1,3,F1
6,R_ID_7.16_8_R5(1)_TSS,GM,0,0,0,1,0,1,0,0,E6,1,2,11,11 E6,1,3,F2
6,R_ID_7.16_8_R5(1)_TSS,MT,0,0,0,0,0,1,0,1,F7,1,2,11,11 F7,2,3,F3
6,R_ID_7.16_8_R5(1)_TSS,ACDO,1,1,1,0,0,0,1,0,G7,2,4,12,12 G7,1,3,F4
6,R_ID_7.16_8_R5(1)_TSS,GIMT,0,0,0,1,1,1,0,1,D8,3,4,13,13 D8,1,3,F5
6,R_ID_7.16_8_R5(1)_TSS,O,0,0,0,0,0,0,1,0,B3,1,1,16,16 B3,1,3,F6
6,R_ID_7.16_8_R5(1)_TSS,AO,1,0,0,0,0,0,1,0,C4,1,2,16,16 C4,2,3,F7
6,R_ID_7.16_8_R5(1)_TSS,IT,0,0,0,0,1,0,0,1,D7,1,2,16,16 D7,1,3,F8
6,R_ID_7.16_8_R5(1)_TSS,AD,1,0,1,0,0,0,0,0,E3,1,2,16,16 E3,1,3,F9
6,R_ID_7.16_8_R5(1)_TSS,I,0,0,0,0,1,0,0,0,F2,1,1,16,16 F2,1,3,F10
6,R_ID_7.16_8_R5(1)_TSS,CG,0,1,0,1,0,0,0,0,F4,1,2,16,16 F4,2,3,F11
6,R_ID_7.16_8_R5(1)_TSS,DI,0,0,1,0,1,0,0,0,F5,1,2,16,16 F5,2,3,F12
6,R_ID_7.16_8_R5(1)_TSS,M,0,0,0,0,0,1,0,0,G2,1,1,16,16 G2,1,3,G1
6,R_ID_7.16_8_R5(1)_TSS,ADIO,1,0,1,0,1,0,1,0,F10,2,4,17,17 F10,2,3,G2
6,R_ID_7.16_8_R5(1)_TSS,ACDO,1,1,1,0,0,0,1,0,G7,2,4,17,17 G7,1,3,G3
6,R_ID_7.16_8_R5(1)_TSS,ADIO,1,0,1,0,1,0,1,0,F10,2,4,2,2 F10,2,3,G4
6,R_ID_7.16_8_R5(1)_TSS,,0,0,0,0,0,0,0,0,D5,5,0,20,20 D5,NA,3,G5
6,R_ID_7.16_8_R5(1)_TSS,CGMT,0,1,0,1,0,1,0,1,E5,3,4,3,3 E5,2,3,G6
6,R_ID_7.16_8_R5(1)_TSS,ACDGIMOT,1,1,1,1,1,1,1,1,D4,5,8,5,5 D4,1,3,G7
6,R_ID_7.16_8_R5(1)_TSS,,0,0,0,0,0,0,0,0,D5,5,0,5,5 D5,NA,3,G8
6,R_ID_7.16_8_R5(1)_TSS,A,1,0,0,0,0,0,0,0,B2,1,1,6,6 B2,1,3,G9
6,R_ID_7.16_8_R5(1)_TSS,C,0,1,0,0,0,0,0,0,C2,1,1,6,6 C2,1,3,G10
6,R_ID_7.16_8_R5(1)_TSS,T,0,0,0,0,0,0,0,1,C3,1,1,6,6 C3,1,3,G11
6,R_ID_7.16_8_R5(1)_TSS,AO,1,0,0,0,0,0,1,0,C4,1,2,6,6 C4,2,3,G12
6,R_ID_7.16_8_R5(1)_TSS,CO,0,1,0,0,0,0,1,0,C5,1,2,6,6 C5,1,3,H1
6,R_ID_7.16_8_R5(1)_TSS,D,0,0,1,0,0,0,0,0,D2,1,1,6,6 D2,1,3,H2
6,R_ID_7.16_8_R5(1)_TSS,G,0,0,0,1,0,0,0,0,E2,1,1,6,6 E2,1,3,H3
6,R_ID_7.16_8_R5(1)_TSS,GM,0,0,0,1,0,1,0,0,E6,1,2,6,6 E6,1,3,H4
6,R_ID_7.16_8_R5(1)_TSS,I,0,0,0,0,1,0,0,0,F2,1,1,6,6 F2,1,3,H5
6,R_ID_7.16_8_R5(1)_TSS,CG,0,1,0,1,0,0,0,0,F4,1,2,6,6 F4,2,3,H6
6,R_ID_7.16_8_R5(1)_TSS,MT,0,0,0,0,0,1,0,1,F7,1,2,6,6 F7,2,3,H7
6,R_ID_7.16_8_R5(1)_TSS,GIMT,0,0,0,1,1,1,0,1,D8,3,4,8,8 D8,1,3,H8
6,R_ID_7.16_8_R5(1)_TSS,CGMT,0,1,0,1,0,1,0,1,E5,3,4,8,8 E5,2,3,H9
,Extraction negative control,,,,,,,,,,,,,,,,3,H10
,,,,,,,,,,,,,,,,,3,H11
,,,,,,,,,,,,,,,,,3,H12
7,R_ID_7.16_9_R1(1)_TSS,Frozen Starting Community,NA,NA,NA,NA,NA,NA,NA,NA,NA,NA,NA,NA,NA,NA,4,A1
7,R_ID_7.16_9_R1(1)_TSS,A,1,0,0,0,0,0,0,0,B2,1,1,1,1 B2,1,4,A2
7,R_ID_7.16_9_R1(1)_TSS,CM,0,1,0,0,0,1,0,0,B5,1,2,1,1 B5,2,4,A3
7,R_ID_7.16_9_R1(1)_TSS,AD,1,0,1,0,0,0,0,0,E3,1,2,1,1 E3,2,4,A4
7,R_ID_7.16_9_R1(1)_TSS,CG,0,1,0,1,0,0,0,0,F4,1,2,1,1 F4,1,4,A5
7,R_ID_7.16_9_R1(1)_TSS,M,0,0,0,0,0,1,0,0,G2,1,1,1,1 G2,1,4,A6
7,R_ID_7.16_9_R1(1)_TSS,GT,0,0,0,1,0,0,0,1,G6,1,2,1,1 G6,2,4,A7
7,R_ID_7.16_9_R1(1)_TSS,A,1,0,0,0,0,0,0,0,B2,1,1,11,11 B2,1,4,A8
7,R_ID_7.16_9_R1(1)_TSS,O,0,0,0,0,0,0,1,0,B3,1,1,11,11 B3,1,4,A9
7,R_ID_7.16_9_R1(1)_TSS,CM,0,1,0,0,0,1,0,0,B5,1,2,11,11 B5,2,4,A10
7,R_ID_7.16_9_R1(1)_TSS,T,0,0,0,0,0,0,0,1,C3,1,1,11,11 C3,1,4,A11
7,R_ID_7.16_9_R1(1)_TSS,IO,0,0,0,0,1,0,1,0,C7,1,2,11,11 C7,2,4,A12
7,R_ID_7.16_9_R1(1)_TSS,D,0,0,1,0,0,0,0,0,D2,1,1,11,11 D2,1,4,B1
7,R_ID_7.16_9_R1(1)_TSS,G,0,0,0,1,0,0,0,0,E2,1,1,11,11 E2,1,4,B2
7,R_ID_7.16_9_R1(1)_TSS,MO,0,0,0,0,0,1,1,0,E7,1,2,11,11 E7,1,4,B3
7,R_ID_7.16_9_R1(1)_TSS,I,0,0,0,0,1,0,0,0,F2,1,1,11,11 F2,1,4,B4
7,R_ID_7.16_9_R1(1)_TSS,CG,0,1,0,1,0,0,0,0,F4,1,2,11,11 F4,1,4,B5
7,R_ID_7.16_9_R1(1)_TSS,AI,1,0,0,0,1,0,0,0,G3,1,2,11,11 G3,1,4,B6
7,R_ID_7.16_9_R1(1)_TSS,AIMO,1,0,0,0,1,1,1,0,E2,3,4,13,13 E2,1,4,B7
7,R_ID_7.16_9_R1(1)_TSS,,0,0,0,0,0,0,0,0,C7,5,0,15,15 C7,NA,4,B8
7,R_ID_7.16_9_R1(1)_TSS,ACDGIMOT,1,1,1,1,1,1,1,1,D4,5,8,15,15 D4,1,4,B9
7,R_ID_7.16_9_R1(1)_TSS,C,0,1,0,0,0,0,0,0,C2,1,1,16,16 C2,1,4,B10
7,R_ID_7.16_9_R1(1)_TSS,DT,0,0,1,0,0,0,0,1,C6,1,2,16,16 C6,1,4,B11
7,R_ID_7.16_9_R1(1)_TSS,IO,0,0,0,0,1,0,1,0,C7,1,2,16,16 C7,2,4,B12
7,R_ID_7.16_9_R1(1)_TSS,D,0,0,1,0,0,0,0,0,D2,1,1,16,16 D2,1,4,C1
7,R_ID_7.16_9_R1(1)_TSS,G,0,0,0,1,0,0,0,0,E2,1,1,16,16 E2,1,4,C2
7,R_ID_7.16_9_R1(1)_TSS,I,0,0,0,0,1,0,0,0,F2,1,1,16,16 F2,1,4,C3
7,R_ID_7.16_9_R1(1)_TSS,GT,0,0,0,1,0,0,0,1,G6,1,2,16,16 G6,2,4,C4
7,R_ID_7.16_9_R1(1)_TSS,ACDM,1,1,1,0,0,1,0,0,F7,2,4,17,17 F7,2,4,C5
7,R_ID_7.16_9_R1(1)_TSS,CDGT,0,1,1,1,0,0,0,1,F3,3,4,18,18 F3,1,4,C6
7,R_ID_7.16_9_R1(1)_TSS,ACDM,1,1,1,0,0,1,0,0,F7,2,4,2,2 F7,2,4,C7
7,R_ID_7.16_9_R1(1)_TSS,ACDGIMOT,1,1,1,1,1,1,1,1,D4,5,8,20,20 D4,1,4,C8
7,R_ID_7.16_9_R1(1)_TSS,GIOT,0,0,0,1,1,0,1,1,E8,3,4,3,3 E8,2,4,C9
7,R_ID_7.16_9_R1(1)_TSS,,0,0,0,0,0,0,0,0,F7,5,0,5,5 F7,NA,4,C10
7,R_ID_7.16_9_R1(1)_TSS,O,0,0,0,0,0,0,1,0,B3,1,1,6,6 B3,1,4,C11
7,R_ID_7.16_9_R1(1)_TSS,C,0,1,0,0,0,0,0,0,C2,1,1,6,6 C2,1,4,C12
7,R_ID_7.16_9_R1(1)_TSS,T,0,0,0,0,0,0,0,1,C3,1,1,6,6 C3,1,4,D1
7,R_ID_7.16_9_R1(1)_TSS,DT,0,0,1,0,0,0,0,1,C6,1,2,6,6 C6,1,4,D2
7,R_ID_7.16_9_R1(1)_TSS,AD,1,0,1,0,0,0,0,0,E3,1,2,6,6 E3,2,4,D3
7,R_ID_7.16_9_R1(1)_TSS,MO,0,0,0,0,0,1,1,0,E7,1,2,6,6 E7,1,4,D4
7,R_ID_7.16_9_R1(1)_TSS,M,0,0,0,0,0,1,0,0,G2,1,1,6,6 G2,1,4,D5
7,R_ID_7.16_9_R1(1)_TSS,AI,1,0,0,0,1,0,0,0,G3,1,2,6,6 G3,1,4,D6
7,R_ID_7.16_9_R1(1)_TSS,AIMO,1,0,0,0,1,1,1,0,E2,3,4,8,8 E2,1,4,D7
7,R_ID_7.16_9_R1(1)_TSS,GIOT,0,0,0,1,1,0,1,1,E8,3,4,8,8 E8,2,4,D8
7,R_ID_7.16_9_R1(1)_TSS,CDGT,0,1,1,1,0,0,0,1,F3,3,4,8,8 F3,1,4,D9
,Extraction negative control,,,,,,,,,,,,,,,,4,D10
,,,,,,,,,,,,,,,,,4,D11
,,,,,,,,,,,,,,,,,4,D12
8,R_ID_7.16_10_R10(1)_TSS,Frozen Starting Community,NA,NA,NA,NA,NA,NA,NA,NA,NA,NA,NA,NA,NA,NA,4,E1
8,R_ID_7.16_10_R10(1)_TSS,A,1,0,0,0,0,0,0,0,B2,1,1,1,1 B2,1,4,E2
8,R_ID_7.16_10_R10(1)_TSS,C,0,1,0,0,0,0,0,0,C2,1,1,1,1 C2,1,4,E3
8,R_ID_7.16_10_R10(1)_TSS,CO,0,1,0,0,0,0,1,0,C5,1,2,1,1 C5,1,4,E4
8,R_ID_7.16_10_R10(1)_TSS,D,0,0,1,0,0,0,0,0,D2,1,1,1,1 D2,1,4,E5
8,R_ID_7.16_10_R10(1)_TSS,IT,0,0,0,0,1,0,0,1,D7,1,2,1,1 D7,1,4,E6
8,R_ID_7.16_10_R10(1)_TSS,DG,0,0,1,1,0,0,0,0,E5,1,2,1,1 E5,1,4,E7
8,R_ID_7.16_10_R10(1)_TSS,I,0,0,0,0,1,0,0,0,F2,1,1,1,1 F2,1,4,E8
8,R_ID_7.16_10_R10(1)_TSS,GO,0,0,0,1,0,0,1,0,F6,1,2,1,1 F6,2,4,E9
8,R_ID_7.16_10_R10(1)_TSS,,0,0,0,0,0,0,0,0,G10,5,0,10,10 G10,NA,4,E10
8,R_ID_7.16_10_R10(1)_TSS,A,1,0,0,0,0,0,0,0,B2,1,1,11,11 B2,1,4,E11
8,R_ID_7.16_10_R10(1)_TSS,AM,1,0,0,0,0,1,0,0,B4,1,2,11,11 B4,1,4,E12
8,R_ID_7.16_10_R10(1)_TSS,T,0,0,0,0,0,0,0,1,C3,1,1,11,11 C3,1,4,F1
8,R_ID_7.16_10_R10(1)_TSS,D,0,0,1,0,0,0,0,0,D2,1,1,11,11 D2,1,4,F2
8,R_ID_7.16_10_R10(1)_TSS,IT,0,0,0,0,1,0,0,1,D7,1,2,11,11 D7,1,4,F3
8,R_ID_7.16_10_R10(1)_TSS,DI,0,0,1,0,1,0,0,0,F5,1,2,11,11 F5,2,4,F4
8,R_ID_7.16_10_R10(1)_TSS,M,0,0,0,0,0,1,0,0,G2,1,1,11,11 G2,1,4,F5
8,R_ID_7.16_10_R10(1)_TSS,ACMO,1,1,0,0,0,1,1,0,D9,2,4,12,12 D9,1,4,F6
8,R_ID_7.16_10_R10(1)_TSS,CGMO,0,1,0,1,0,1,1,0,D5,3,4,13,13 D5,2,4,F7
8,R_ID_7.16_10_R10(1)_TSS,ACDGIMOT,1,1,1,1,1,1,1,1,D4,5,8,15,15 D4,1,4,F8
8,R_ID_7.16_10_R10(1)_TSS,O,0,0,0,0,0,0,1,0,B3,1,1,16,16 B3,1,4,F9
8,R_ID_7.16_10_R10(1)_TSS,AM,1,0,0,0,0,1,0,0,B4,1,2,16,16 B4,1,4,F10
8,R_ID_7.16_10_R10(1)_TSS,CM,0,1,0,0,0,1,0,0,B5,1,2,16,16 B5,2,4,F11
8,R_ID_7.16_10_R10(1)_TSS,CO,0,1,0,0,0,0,1,0,C5,1,2,16,16 C5,1,4,F12
8,R_ID_7.16_10_R10(1)_TSS,AT,1,0,0,0,0,0,0,1,D4,1,2,16,16 D4,2,4,G1
8,R_ID_7.16_10_R10(1)_TSS,G,0,0,0,1,0,0,0,0,E2,1,1,16,16 E2,1,4,G2
8,R_ID_7.16_10_R10(1)_TSS,GO,0,0,0,1,0,0,1,0,F6,1,2,16,16 F6,2,4,G3
8,R_ID_7.16_10_R10(1)_TSS,M,0,0,0,0,0,1,0,0,G2,1,1,16,16 G2,1,4,G4
8,R_ID_7.16_10_R10(1)_TSS,ADIT,1,0,1,0,1,0,0,1,G10,2,4,17,17 G10,2,4,G5
8,R_ID_7.16_10_R10(1)_TSS,DGIT,0,0,1,1,1,0,0,1,G6,3,4,18,18 G6,1,4,G6
8,R_ID_7.16_10_R10(1)_TSS,ACMO,1,1,0,0,0,1,1,0,D9,2,4,2,2 D9,1,4,G7
8,R_ID_7.16_10_R10(1)_TSS,,0,0,0,0,0,0,0,0,D10,5,0,20,20 D10,NA,4,G8
8,R_ID_7.16_10_R10(1)_TSS,ACDGIMOT,1,1,1,1,1,1,1,1,D4,5,8,20,20 D4,1,4,G9
8,R_ID_7.16_10_R10(1)_TSS,CGMO,0,1,0,1,0,1,1,0,D5,3,4,3,3 D5,2,4,G10
8,R_ID_7.16_10_R10(1)_TSS,O,0,0,0,0,0,0,1,0,B3,1,1,6,6 B3,1,4,G11
8,R_ID_7.16_10_R10(1)_TSS,CM,0,1,0,0,0,1,0,0,B5,1,2,6,6 B5,2,4,G12
8,R_ID_7.16_10_R10(1)_TSS,C,0,1,0,0,0,0,0,0,C2,1,1,6,6 C2,1,4,H1
8,R_ID_7.16_10_R10(1)_TSS,T,0,0,0,0,0,0,0,1,C3,1,1,6,6 C3,1,4,H2
8,R_ID_7.16_10_R10(1)_TSS,AT,1,0,0,0,0,0,0,1,D4,1,2,6,6 D4,2,4,H3
8,R_ID_7.16_10_R10(1)_TSS,G,0,0,0,1,0,0,0,0,E2,1,1,6,6 E2,1,4,H4
8,R_ID_7.16_10_R10(1)_TSS,DG,0,0,1,1,0,0,0,0,E5,1,2,6,6 E5,1,4,H5
8,R_ID_7.16_10_R10(1)_TSS,I,0,0,0,0,1,0,0,0,F2,1,1,6,6 F2,1,4,H6
8,R_ID_7.16_10_R10(1)_TSS,DI,0,0,1,0,1,0,0,0,F5,1,2,6,6 F5,2,4,H7
8,R_ID_7.16_10_R10(1)_TSS,ADIT,1,0,1,0,1,0,0,1,G10,2,4,7,7 G10,2,4,H8
8,R_ID_7.16_10_R10(1)_TSS,DGIT,0,0,1,1,1,0,0,1,G6,3,4,8,8 G6,1,4,H9
,Extraction negative control,,,,,,,,,,,,,,,,4,H10
,,,,,,,,,,,,,,,,,4,H11
,,,,,,,,,,,,,,,,,4,H12
9,R_ID_7.16_11_R11(1)_TSS,Frozen Starting Community,NA,NA,NA,NA,NA,NA,NA,NA,NA,NA,NA,NA,NA,NA,5,A1
9,R_ID_7.16_11_R11(1)_TSS,A,1,0,0,0,0,0,0,0,B2,1,1,1,1 B2,1,5,A2
9,R_ID_7.16_11_R11(1)_TSS,CM,0,1,0,0,0,1,0,0,B5,1,2,1,1 B5,2,5,A3
9,R_ID_7.16_11_R11(1)_TSS,T,0,0,0,0,0,0,0,1,C3,1,1,1,1 C3,1,5,A4
9,R_ID_7.16_11_R11(1)_TSS,D,0,0,1,0,0,0,0,0,D2,1,1,1,1 D2,1,5,A5
9,R_ID_7.16_11_R11(1)_TSS,G,0,0,0,1,0,0,0,0,E2,1,1,1,1 E2,1,5,A6
9,R_ID_7.16_11_R11(1)_TSS,I,0,0,0,0,1,0,0,0,F2,1,1,1,1 F2,1,5,A7
9,R_ID_7.16_11_R11(1)_TSS,AG,1,0,0,1,0,0,0,0,F3,1,2,1,1 F3,1,5,A8
9,R_ID_7.16_11_R11(1)_TSS,GO,0,0,0,1,0,0,1,0,F6,1,2,1,1 F6,2,5,A9
9,R_ID_7.16_11_R11(1)_TSS,,0,0,0,0,0,0,0,0,G6,5,0,10,10 G6,NA,5,A10
9,R_ID_7.16_11_R11(1)_TSS,IO,0,0,0,0,1,0,1,0,C7,1,2,11,11 C7,1,5,A11
9,R_ID_7.16_11_R11(1)_TSS,AD,1,0,1,0,0,0,0,0,E3,1,2,11,11 E3,2,5,A12
9,R_ID_7.16_11_R11(1)_TSS,CDIO,0,1,1,0,1,0,1,0,B4,3,4,13,13 B4,1,5,B1
9,R_ID_7.16_11_R11(1)_TSS,,0,0,0,0,0,0,0,0,B5,5,0,15,15 B5,NA,5,B2
9,R_ID_7.16_11_R11(1)_TSS,ACDGIMOT,1,1,1,1,1,1,1,1,D4,5,8,15,15 D4,1,5,B3
9,R_ID_7.16_11_R11(1)_TSS,O,0,0,0,0,0,0,1,0,B3,1,1,16,16 B3,1,5,B4
9,R_ID_7.16_11_R11(1)_TSS,CM,0,1,0,0,0,1,0,0,B5,1,2,16,16 B5,2,5,B5
9,R_ID_7.16_11_R11(1)_TSS,C,0,1,0,0,0,0,0,0,C2,1,1,16,16 C2,1,5,B6
9,R_ID_7.16_11_R11(1)_TSS,IO,0,0,0,0,1,0,1,0,C7,1,2,16,16 C7,1,5,B7
9,R_ID_7.16_11_R11(1)_TSS,D,0,0,1,0,0,0,0,0,D2,1,1,16,16 D2,1,5,B8
9,R_ID_7.16_11_R11(1)_TSS,IT,0,0,0,0,1,0,0,1,D7,1,2,16,16 D7,2,5,B9
9,R_ID_7.16_11_R11(1)_TSS,G,0,0,0,1,0,0,0,0,E2,1,1,16,16 E2,1,5,B10
9,R_ID_7.16_11_R11(1)_TSS,CD,0,1,1,0,0,0,0,0,E4,1,2,16,16 E4,1,5,B11
9,R_ID_7.16_11_R11(1)_TSS,AG,1,0,0,1,0,0,0,0,F3,1,2,16,16 F3,1,5,B12
9,R_ID_7.16_11_R11(1)_TSS,GO,0,0,0,1,0,0,1,0,F6,1,2,16,16 F6,2,5,C1
9,R_ID_7.16_11_R11(1)_TSS,MT,0,0,0,0,0,1,0,1,F7,1,2,16,16 F7,1,5,C2
9,R_ID_7.16_11_R11(1)_TSS,M,0,0,0,0,0,1,0,0,G2,1,1,16,16 G2,1,5,C3
9,R_ID_7.16_11_R11(1)_TSS,ADIT,1,0,1,0,1,0,0,1,G10,2,4,17,17 G10,2,5,C4
9,R_ID_7.16_11_R11(1)_TSS,AGMT,1,0,0,1,0,1,0,1,C2,3,4,18,18 C2,1,5,C5
9,R_ID_7.16_11_R11(1)_TSS,CGMO,0,1,0,1,0,1,1,0,D5,3,4,18,18 D5,2,5,C6
9,R_ID_7.16_11_R11(1)_TSS,CDIO,0,1,1,0,1,0,1,0,B4,3,4,3,3 B4,1,5,C7
9,R_ID_7.16_11_R11(1)_TSS,AGMT,1,0,0,1,0,1,0,1,C2,3,4,3,3 C2,1,5,C8
9,R_ID_7.16_11_R11(1)_TSS,CGMO,0,1,0,1,0,1,1,0,D5,3,4,3,3 D5,2,5,C9
9,R_ID_7.16_11_R11(1)_TSS,ACDGIMOT,1,1,1,1,1,1,1,1,D4,5,8,5,5 D4,1,5,C10
9,R_ID_7.16_11_R11(1)_TSS,A,1,0,0,0,0,0,0,0,B2,1,1,6,6 B2,1,5,C11
9,R_ID_7.16_11_R11(1)_TSS,O,0,0,0,0,0,0,1,0,B3,1,1,6,6 B3,1,5,C12
9,R_ID_7.16_11_R11(1)_TSS,C,0,1,0,0,0,0,0,0,C2,1,1,6,6 C2,1,5,D1
9,R_ID_7.16_11_R11(1)_TSS,T,0,0,0,0,0,0,0,1,C3,1,1,6,6 C3,1,5,D2
9,R_ID_7.16_11_R11(1)_TSS,IT,0,0,0,0,1,0,0,1,D7,1,2,6,6 D7,2,5,D3
9,R_ID_7.16_11_R11(1)_TSS,AD,1,0,1,0,0,0,0,0,E3,1,2,6,6 E3,2,5,D4
9,R_ID_7.16_11_R11(1)_TSS,CD,0,1,1,0,0,0,0,0,E4,1,2,6,6 E4,1,5,D5
9,R_ID_7.16_11_R11(1)_TSS,I,0,0,0,0,1,0,0,0,F2,1,1,6,6 F2,1,5,D6
9,R_ID_7.16_11_R11(1)_TSS,MT,0,0,0,0,0,1,0,1,F7,1,2,6,6 F7,1,5,D7
9,R_ID_7.16_11_R11(1)_TSS,M,0,0,0,0,0,1,0,0,G2,1,1,6,6 G2,1,5,D8
9,R_ID_7.16_11_R11(1)_TSS,ADIT,1,0,1,0,1,0,0,1,G10,2,4,7,7 G10,2,5,D9
,Extraction negative control,,,,,,,,,,,,,,,,5,D10
,,,,,,,,,,,,,,,,,5,D11
,,,,,,,,,,,,,,,,,5,D12
10,R_ID_7.16_12_R5(1)_TSS),Frozen Starting Community,NA,NA,NA,NA,NA,NA,NA,NA,NA,NA,NA,NA,NA,NA,5,E1
10,R_ID_7.16_12_R5(1)_TSS),A,1,0,0,0,0,0,0,0,B2,1,1,1,1 B2,1,5,E2
10,R_ID_7.16_12_R5(1)_TSS),AM,1,0,0,0,0,1,0,0,B4,1,2,1,1 B4,1,5,E3
10,R_ID_7.16_12_R5(1)_TSS),CO,0,1,0,0,0,0,1,0,C5,1,2,1,1 C5,1,5,E4
10,R_ID_7.16_12_R5(1)_TSS),D,0,0,1,0,0,0,0,0,D2,1,1,1,1 D2,1,5,E5
10,R_ID_7.16_12_R5(1)_TSS),G,0,0,0,1,0,0,0,0,E2,1,1,1,1 E2,1,5,E6
10,R_ID_7.16_12_R5(1)_TSS),GT,0,0,0,1,0,0,0,1,G6,1,2,1,1 G6,1,5,E7
10,R_ID_7.16_12_R5(1)_TSS),ACDGIMOT,1,1,1,1,1,1,1,1,D4,5,8,10,10 D4,1,5,E8
10,R_ID_7.16_12_R5(1)_TSS),,0,0,0,0,0,0,0,0,E5,5,0,10,10 E5,NA,5,E9
10,R_ID_7.16_12_R5(1)_TSS),O,0,0,0,0,0,0,1,0,B3,1,1,11,11 B3,1,5,E10
10,R_ID_7.16_12_R5(1)_TSS),AM,1,0,0,0,0,1,0,0,B4,1,2,11,11 B4,1,5,E11
10,R_ID_7.16_12_R5(1)_TSS),T,0,0,0,0,0,0,0,1,C3,1,1,11,11 C3,1,5,E12
10,R_ID_7.16_12_R5(1)_TSS),AO,1,0,0,0,0,0,1,0,C4,1,2,11,11 C4,2,5,F1
10,R_ID_7.16_12_R5(1)_TSS),CT,0,1,0,0,0,0,0,1,D5,1,2,11,11 D5,2,5,F2
10,R_ID_7.16_12_R5(1)_TSS),DG,0,0,1,1,0,0,0,0,E5,1,2,11,11 E5,2,5,F3
10,R_ID_7.16_12_R5(1)_TSS),I,0,0,0,0,1,0,0,0,F2,1,1,11,11 F2,1,5,F4
10,R_ID_7.16_12_R5(1)_TSS),DI,0,0,1,0,1,0,0,0,F5,1,2,11,11 F5,1,5,F5
10,R_ID_7.16_12_R5(1)_TSS),GT,0,0,0,1,0,0,0,1,G6,1,2,11,11 G6,1,5,F6
10,R_ID_7.16_12_R5(1)_TSS),CDIO,0,1,1,0,1,0,1,0,B4,3,4,13,13 B4,1,5,F7
10,R_ID_7.16_12_R5(1)_TSS),AGMT,1,0,0,1,0,1,0,1,C2,3,4,13,13 C2,1,5,F8
10,R_ID_7.16_12_R5(1)_TSS),,0,0,0,0,0,0,0,0,E6,5,0,15,15 E6,NA,5,F9
10,R_ID_7.16_12_R5(1)_TSS),A,1,0,0,0,0,0,0,0,B2,1,1,16,16 B2,1,5,F10
10,R_ID_7.16_12_R5(1)_TSS),IM,0,0,0,0,1,1,0,0,B7,1,2,16,16 B7,2,5,F11
10,R_ID_7.16_12_R5(1)_TSS),C,0,1,0,0,0,0,0,0,C2,1,1,16,16 C2,1,5,F12
10,R_ID_7.16_12_R5(1)_TSS),AO,1,0,0,0,0,0,1,0,C4,1,2,16,16 C4,2,5,G1
10,R_ID_7.16_12_R5(1)_TSS),CO,0,1,0,0,0,0,1,0,C5,1,2,16,16 C5,1,5,G2
10,R_ID_7.16_12_R5(1)_TSS),DG,0,0,1,1,0,0,0,0,E5,1,2,16,16 E5,2,5,G3
10,R_ID_7.16_12_R5(1)_TSS),I,0,0,0,0,1,0,0,0,F2,1,1,16,16 F2,1,5,G4
10,R_ID_7.16_12_R5(1)_TSS),M,0,0,0,0,0,1,0,0,G2,1,1,16,16 G2,1,5,G5
10,R_ID_7.16_12_R5(1)_TSS),AGMT,1,0,0,1,0,1,0,1,C2,3,4,18,18 C2,1,5,G6
10,R_ID_7.16_12_R5(1)_TSS),CDGT,0,1,1,1,0,0,0,1,F3,3,4,18,18 F3,2,5,G7
10,R_ID_7.16_12_R5(1)_TSS),AIMO,1,0,0,0,1,1,1,0,E2,3,4,3,3 E2,2,5,G8
10,R_ID_7.16_12_R5(1)_TSS),ACDGIMOT,1,1,1,1,1,1,1,1,D4,5,8,5,5 D4,1,5,G9
10,R_ID_7.16_12_R5(1)_TSS),O,0,0,0,0,0,0,1,0,B3,1,1,6,6 B3,1,5,G10
10,R_ID_7.16_12_R5(1)_TSS),IM,0,0,0,0,1,1,0,0,B7,1,2,6,6 B7,2,5,G11
10,R_ID_7.16_12_R5(1)_TSS),C,0,1,0,0,0,0,0,0,C2,1,1,6,6 C2,1,5,G12
10,R_ID_7.16_12_R5(1)_TSS),T,0,0,0,0,0,0,0,1,C3,1,1,6,6 C3,1,5,H1
10,R_ID_7.16_12_R5(1)_TSS),D,0,0,1,0,0,0,0,0,D2,1,1,6,6 D2,1,5,H2
10,R_ID_7.16_12_R5(1)_TSS),CT,0,1,0,0,0,0,0,1,D5,1,2,6,6 D5,2,5,H3
10,R_ID_7.16_12_R5(1)_TSS),G,0,0,0,1,0,0,0,0,E2,1,1,6,6 E2,1,5,H4
10,R_ID_7.16_12_R5(1)_TSS),DI,0,0,1,0,1,0,0,0,F5,1,2,6,6 F5,1,5,H5
10,R_ID_7.16_12_R5(1)_TSS),M,0,0,0,0,0,1,0,0,G2,1,1,6,6 G2,1,5,H6
10,R_ID_7.16_12_R5(1)_TSS),CDIO,0,1,1,0,1,0,1,0,B4,3,4,8,8 B4,1,5,H7
10,R_ID_7.16_12_R5(1)_TSS),AIMO,1,0,0,0,1,1,1,0,E2,3,4,8,8 E2,2,5,H8
10,R_ID_7.16_12_R5(1)_TSS),CDGT,0,1,1,1,0,0,0,1,F3,3,4,8,8 F3,2,5,H9
,Extraction negative control,,,,,,,,,,,,,,,,5,H10
,,,,,,,,,,,,,,,,,5,H11
,,,,,,,,,,,,,,,,,5,H12
